paste_id,native_created_raw,native_created_utc,parsed_raw_utf8_sha256,decoded_body_bytes,body_present_by_bound,historical_dating_status,content_cluster,finqa_benchmark_relationship
3ae5f54b,1765687906,2025-12-14T04:51:46Z,4561a13e3c59846d9d02bf2fad88964598632b2f9a86d106d9e2f5667cb4621d,577,2026-09-05T20:23:41Z,unresolved,nba_3pt_statistics,false
514333ed,1767264965,2026-01-01T10:56:05Z,76da74d9471e7b12892b538b85d3fba70005799a56f6081f1878ff8b16bfe485,487,2026-09-05T20:23:41Z,unresolved,alchemical_breakdown,false
316996fe,1767264966,2026-01-01T10:56:06Z,76da74d9471e7b12892b538b85d3fba70005799a56f6081f1878ff8b16bfe485,487,2026-09-05T20:23:41Z,unresolved,alchemical_breakdown,false
5329a841,1772117364,2026-02-26T14:49:24Z,94d46d8d52654d063d1056eede571b94c39889a0b6d953ed873df31900395948,900,2026-09-05T20:23:41Z,unresolved,humana_2015_10k,true
bd44d381,1772117418,2026-02-26T14:50:18Z,ec89a96fa17f4347f5976e1e392cc5a9fa20cdd05b8ab650e5156db4e89c09d7,590,2026-09-05T20:23:41Z,unresolved,humana_2015_10k,true
680ec235,1772117539,2026-02-26T14:52:19Z,c36c211ea5138142c7bf257386df02fc5e77f59293e1349f5a597d82e095363a,330,2026-09-05T20:23:41Z,unresolved,humana_2015_10k,true
d78a30b4,1772136944,2026-02-26T20:15:44Z,05b598b81113a62916b83a0bbe8e4eccacb4ff62cb83faf19f1f5dd6dac6870c,208,2026-09-05T20:23:41Z,unresolved,country_co2_population,false
0263afe2,1772136947,2026-02-26T20:15:47Z,1d9adba5396d886107cba63d3d4667a44c22cbb91ece7a89e9aa121752bf581b,903,2026-09-05T20:23:41Z,unresolved,airport_rankings,false
06d98526,1772371458,2026-03-01T13:24:18Z,1d7c03707602cbb5378e88a6d8f3955633d276bf4b0fe76a1a8f84b4907fefef,537,2026-09-05T20:23:41Z,unresolved,owid_armed_forces,false
17bbf392,1772371822,2026-03-01T13:30:22Z,cef636fa0156ef66700b6cff2669721279804dfbf83025db98878a07789d791a,1204,2026-09-05T20:23:41Z,unresolved,american_tower_2008_10k,true
c9601cdf,1772371879,2026-03-01T13:31:19Z,64254238457d888ea0a4c90e48948c1d96f9e8e3c52936e5f46386df04d2f8e0,608,2026-09-05T20:23:41Z,unresolved,american_tower_2008_10k,true
1806ec31,1772371959,2026-03-01T13:32:39Z,d28c67fdf6b313dda342202ce5059fb3287e36a39bcf3d7b192f2c9e5107470b,234,2026-09-05T20:23:41Z,unresolved,american_tower_2008_10k,true
5a4aa403,1772372008,2026-03-01T13:33:28Z,373bc8c396433321ac42a05402d588c097c6b3fd7df413954e6686acf4f6a112,332,2026-09-05T20:23:41Z,unresolved,american_tower_2008_10k,true
